{
  "best_threshold": 0.7000000000000001,
  "total_profit": 27888.167363522363,
  "mean_profit_per_loan": 0.06168024435634539,
  "dataset_rows": 452141
}