{
  "roc_auc": 0.7293882257067114,
  "f1_0.5": 0.039020745000568575
}