{
  "test_auc": 0.7293882250388097,
  "test_f1": 0.039020745000568575,
  "threshold": 0.5
}